Judul,Deskripsi,Tanggal Rilis,Link
Prabowo Subianto,Prabowo adalah presiden ketiga Indonesia yang berlatar belakang militer setelah Soeharto dan Susilo Bambang Yudhoyono dan merupakan presiden tertua dalam ...,,https://id.wikipedia.org/wiki/Prabowo_Subianto
Prabowo Subianto (@prabowo),"19 jam yang lalu — 15M Followers, 1 Following, 1546 Posts - Prabowo Subianto (@prabowo) on Instagram: """"",,https://www.instagram.com/prabowo/?hl=id
Laman Resmi Presiden Republik Indonesia • Presiden RI,20 jam yang lalu — Laman resmi Presiden Republik Indonesia. Menyajikan kabar dan dokumentasi kepresidenan teraktual.,,https://www.presidenri.go.id/
Menteri Pertahanan Republik Indonesia,Sjafrie Sjamsoeddin dilantik sebagai Menteri Pertahanan Republik Indonesia (Menhan RI) oleh Presiden Republik Indonesia Prabowo Subianto pada tanggal 21 Oktober ...,,https://www.kemhan.go.id/menhan
Presiden Prabowo Sambut Hangat Kedatangan ...,"2 hari yang lalu — Setibanya di bawah tangga pesawat, Presiden Prabowo menyambut Presiden Erdogan dengan jabat tangan erat di tengah rintik hujan yang ...",,https://www.presidenri.go.id/siaran-pers/presiden-prabowo-sambut-hangat-kedatangan-presiden-erdogan-di-bandara/
Prabowo Subianto,"Prabowo Subianto. 10715091 likes · 79957 talking about this. Saya Prabowo Subianto, Ketua Umum Partai Gerindra, Presiden Ke-8 Republik Indonesia.",,https://www.facebook.com/PrabowoSubianto/
Menhan Dampingi Presiden Prabowo Terima Kunjungan ...,9 jam yang lalu — Jakarta – Menteri Pertahanan Republik Indonesia (Menhan RI) Sjafrie Sjamsoeddin mendampingi Presiden RI Prabowo Subianto dalam menerima ...,,https://www.kemhan.go.id/2025/02/13/menhan-dampingi-presiden-prabowo-terima-kunjungan-presiden-erdogan.html
Presiden Prabowo Subianto Dianugerahi Tanda ...,"27 Jan 2025 — Presiden Republik Indonesia, Prabowo Subianto, menerima penghargaan Darjah Kerabat Johor Yang Amat Dihormati Pangkat Pertama (D.K I Johor) ...",27 Jan 2025,https://www.setneg.go.id/baca/index/presiden_prabowo_subianto_dianugerahi_tanda_kehormatan_darjah_kerabat_johor_di_malaysia
Prabowo Subianto - X,"Prabowo Subianto · @prabowo. ·. 12h. Hari ini, saya menerima kunjungan kenegaraan Presiden Turkiye,. @RTErdogan. di Istana Kepresidenan Bogor, Jawa Barat. Dalam ...",,https://x.com/prabowo
Sekretariat Kabinet Republik Indonesia | Kabinet Indonesia ...,6 jam yang lalu — Sekretariat Kabinet mempunyai tugas memberikan dukungan pengelolaan manajemen kabinet kepada Presiden dan Wakil Presiden dalam penyelenggaraan pemerintahan.,,https://setkab.go.id/
Prabowo Subianto Resmi Menjadi Presiden Indonesia,20 Okt 2024 — Pasangan Prabowo Subianto dan Gibran Rakabuming Raka terlantik sebagai Presiden dan Wakil Presiden Republik Indonesia untuk periode ...,20 Okt 2024,https://umj.ac.id/just_info/prabowo-subianto-resmi-menjadi-presiden-indonesia/
Prabowo Subianto,"Prabowo Subianto Djojohadikusumo is an Indonesian politician, businessman, and retired army general serving as the eighth president of Indonesia since 2024.",,https://en.wikipedia.org/wiki/Prabowo_Subianto
Prabowo Subianto Archives - Sekretariat Kabinet,"9 Jan 2025 — Presiden Republik Indonesia, Prabowo Subianto bertemu dengan Perdana Menteri (PM) Malaysia Anwar Ibrahim, Kamis (09/01/2025), ...",9 Jan 2025,https://setkab.go.id/tag/prabowo-subianto/
Presiden Prabowo Subianto Umumkan Kabinet Merah ...,"20 Okt 2024 — Presiden Prabowo didampingi Wakil Presiden Gibran Rakabuming dan Ketua Harian Partai Gerindra Sufmi Dasco Ahmad, memberikan pengumuman kepada ...",20 Okt 2024,https://www.setneg.go.id/baca/index/presiden_prabowo_subianto_umumkan_kabinet_merah_putih_periode_2024_2029
Berita dan Informasi Prabowo subianto Terkini dan Terbaru ...,5 jam yang lalu — Kumpulan berita harian Prabowo subianto terbaru dan terlengkap hanya di detik.com.,,https://www.detik.com/tag/prabowo-subianto
"Hadiah Persahabatan, Presiden Erdoğan Serahkan Mobil ...",2 jam yang lalu — Pemerintah Turkiye secara resmi menyerahkan satu unit mobil listrik Togg T10X kepada Pemerintah Republik Indonesia sebagai simbol ...,,https://www.bpkp.go.id/id/berita/3Vak/hadiah-persahabatan-presiden-erdogan-serahkan-mobil-listrik-togg-t10x-kepada-presiden-prabowo
Presiden Prabowo Subianto Resmi Buka Kongres XVIII ...,3 hari yang lalu — Tubankab - Presiden Prabowo Subianto secara secara resmi membuka Kongres XVIII Muslimat Nahdlatul Ulama (NU) di Jatim International Expo ...,,https://tubankab.go.id/entry/presiden-prabowo-subianto-resmi-buka-kongres-xviii-muslimat-nahdlatul-ulama-nu
"Presiden Prabowo Tinjau Program MBG di Bogor, Pastikan ...","3 hari yang lalu — Presiden Prabowo Subianto mendapat sambutan hangat saat meninjau Program Makan Bergizi Gratis di SDN Kedung Jaya, Kota Bogor, Senin (10/2/2025).",,https://www.ksp.go.id/presiden-prabowo-tinjau-program-mbg-di-bogor-pastikan-program-berjalan-lancar-untuk-masa-depan-anak-bangsa.html
Jejak 100 Hari Pemerintahan Presiden Prabowo Subianto,"2 hari yang lalu — KOMPAS/FAKHRI FADLURROHMAN Presiden Prabowo Subianto menyapa warga yang akan merayakan Tahun Baru 2025 di kawasan Bundaran HI, Jakarta, ...",,https://kompaspedia.kompas.id/baca/infografik/kronologi/jejak-100-hari-pemerintahan-presiden-prabowo-subianto
"Biografi Prabowo Subianto, Karir di Militer hingga Jadi ...",Jenderal TNI (Purn.) H. Prabowo Subianto Djojohadikusumo merupakan anak ketiga dan putra pertama yang lahir pada tanggal 17 Oktober 1951. Ayahnya bernama ...,17 Oktober 1951,https://www.gramedia.com/literasi/biografi-prabowo-subianto/?srsltid=AfmBOoqFk6SGLGJRXQQ02ACsLoRs8r6m_qSg1Evr-Df1l-DWAyErrV8U
Presiden Prabowo Subianto antar Presiden Erdogan ...,"9 jam yang lalu — Presiden Turki Recep Tayyip Erdogan (kiri) dan Presiden Prabowo Subianto di Base Ops Pangkalan Udara TNI Angkatan Udara, Halim Perdana ...",,https://www.tempo.co/foto/arsip/presiden-prabowo-subianto-antar-presiden-erdogan-tinggalkan-indonesia-1206412
KPK Yakin Presiden Prabowo Laporkan Hadiah Mobil dari ...,1 jam yang lalu — Jakarta: Komisi Pemberantasan Korupsi (KPK) meyakini Presiden Prabowo Subianto akan melaporkan hadiah mobil listrik dari Presiden Turki Recep ...,,https://www.metrotvnews.com/read/kBVC9XXd-kpk-yakin-presiden-prabowo-laporkan-hadiah-mobil-dari-erdogan
Disaksikan Presiden Prabowo dan ...,19 jam yang lalu — KEMENTERIAN ENERGI DAN SUMBER DAYA MINERAL. REPUBLIK INDONESIA. SIARAN PERS. NOMOR: 012.Pers/04/SJI/2025. Tanggal: 12 Februari 2025. Disaksikan Presiden ...,12 Februari 2025,https://www.esdm.go.id/id/media-center/arsip-berita/disaksikan-presiden-prabowo-dan-presiden-erdogan-menteri-bahlil-menandatangani-kerja-sama-di-sektor-energi
Prabowo Setelah 100 Hari: Makin Berjarak dengan Jokowi?,"3 jam yang lalu — Jika analisis ini tidak melesat, maka jarak terjauh Prabowo dari Jokowi adalah saat Prabowo merombak kabinetnya dan mengganti para menteri ...",,https://www.abc.net.au/indonesian/2025-02-13/hubungan-prabowo-dan-jokowi-setelah-100-hari-menjabat/104909358
Menerka Sosok yang Ingin Pisahkan Prabowo dengan Jokowi,"9 jam yang lalu — Lantas, siapa pihak yang dimaksud Prabowo? Direktur Eksekutif Parameter Politik Indonesia Adi Prayitno meyakini, secara gamblang, tak ada yang ...",,https://news.detik.com/berita/d-7775905/menerka-sosok-yang-ingin-pisahkan-prabowo-dengan-jokowi
Presiden Prabowo Pimpin Sidang Perdana DPN dan ...,"6 hari yang lalu — Jakarta – Presiden Prabowo Subianto memimpin Sidang Perdana Dewan Pertahanan Nasional (DPN) yang diadakan di Istana Kepresidenan Bogor, ...",,https://www.ksp.go.id/presiden-prabowo-pimpin-sidang-perdana-dpn-dan-tekankan-pentingnya-pertahanan-negara.html
"Prabowo Subianto perluas peran TNI di ranah sipil, tanda ...","8 jam yang lalu — 'Pemerintah gadaikan keselamatan masyarakat' – Prabowo perluas peran TNI di ranah sipil, tanda kembalinya 'dwifungsi ABRI' ala Orde Baru?",,https://www.bbc.com/indonesia/articles/c203lez30qxo
"Sidang Kabinet Paripurna Perdana, Ini Arahan Presiden ...","24 Okt 2024 — Presiden Prabowo Subianto memimpin Sidang Kabinet Paripurna perdana di Ruang Sidang Kabinet, Jakarta, pada Rabu (23/10).",24 Okt 2024,https://www.kemenkeu.go.id/informasi-publik/publikasi/berita-utama/Sidang-Kabinet-Paripurna-Perdana
"Perayaan 75 Tahun Hubungan Diplomatik, Indonesia ...","3 jam yang lalu — Hubungan strategis antara Indonesia dan Turkiye memasuki babak baru dengan kunjungan kenegaraan Presiden Turkiye, Recep Tayyip Erdogan ke ...",,https://www.bpkp.go.id/id/berita/eN1R/perayaan-75-tahun-hubungan-diplomatik-indonesia-turkiye-perkuat-kemitraan-strategis
Presiden Prabowo Subianto Apresiasi Kinerja Kabinet ...,"2 Des 2024 — Jakarta Pusat, Komdigi - Presiden Prabowo Subianto memimpin Sidang Kabinet Paripurna di Ruang Sidang Kabinet, Istana Kepresidenan Jakarta ...",2 Des 2024,https://portal.komdigi.go.id/kanal-publik/berita-kini/8987
KLB Partai Gerindra: Prabowo Subianto Kembali Menjadi ...,"41 menit yang lalu — Ketua Harian DPP Gerindra Sufmi Dasco mengatakan, hasil kongres memutuskan Prabowo Subianto kembali menjadi Ketua Umum dan Ketua Dewan ...",,https://www.liputan6.com/news/read/5920244/klb-partai-gerindra-prabowo-subianto-kembali-menjadi-ketua-umum
(READY STOK) Foto Presiden TERPILIHHH PRABOWO ...,Foto Preside & Wakil Presiden Bahan Kertas Artcartoon Artpapper Tersedia Ukuran Foto 30 x 40 cm 25 x 35 cm 20 x 30 cm (Tanpa Bingkai) #poster #fotogubernur ...,,https://shopee.co.id/(READY-STOK)-Foto-Presiden-TERPILIHHH-PRABOWO-SUBIANTO-i.917532071.22911764681
Konferensi Pers Bersama Presiden Prabowo dan ...,23 jam yang lalu — KOMPAS/HENDRA A SETYAWAN. Presiden Prabowo Subianto dan Presiden Turki Recep Tayyip Erdogan menyaksika penandatanganan memorandum saling ...,,https://www.kompas.id/baca/foto/2025/02/12/konferensi-pers-bersama-presiden-prabowo-dan-presiden-erdogan
Presiden Prabowo Tegaskan Pentingnya Kekuatan ...,"5 hari yang lalu — Komandan Lanud Harry Hadisoemantri (HAD) Letkol Pnb Dion Aridito, S.T., M.M. mengikuti pengarahan kepada para Komandan Satuan (Dansat) TNI yang ...",,https://tni-au.mil.id/berita/detail/presiden-prabowo-tegaskan-pentingnya-kekuatan-pertahanan-dalam-pengarahan-kepada-dansat-tni
Presiden Prabowo Ucapan Selamat kepada Pasukan ...,"7 jam yang lalu — Foto 3 dari 6. Presiden Prabowo Subianto berdiri di tengah Pasukan Pengamanan Presiden, menunggu kedatangan Presiden Turki Reccep Tayip ...",,https://www.tempo.co/foto/arsip/presiden-prabowo-ucapan-selamat-kepada-pasukan-penyambutan-tamu-negara-1206456
Prabowo dan Erdogan Kompak Dukung Kemerdekaan ...,17 jam yang lalu — Isu Palestina menjadi salah satu hal penting yang dibicarakan dalam pertemuan Presiden Prabowo Subianto dengan Presiden Turki Recep Tayyip ...,,https://www.voaindonesia.com/a/prabowo-dan-erdogan-kompak-dukung-kemerdekaan-palestina/7972345.html
Presiden Prabowo Mundur dari GRIB Jaya Sejak 2022,9 jam yang lalu — Pengunduran diri dilakukan melalui surat Nomor: 01-0212/B/DPP-Gerindra/2022.,,https://www.metrotvnews.com/read/bD2CMq71-presiden-prabowo-mundur-dari-grib-jaya-sejak-2022
Presiden Prabowo Subianto Umumkan Dito Ariotedjo Kembali ...,"Dito Ariotedjo pun ditunjuk untuk menjadi Menteri Pemuda dan Olahraga Republik Indonesia (Menpora RI). Senin, 21 Okt 2024. BAGIKAN : Presiden Prabowo ...",21 Okt 2024,http://kemenpora.go.id/detail/5614/presiden-prabowo-subianto-umumkan-dito-ariotedjo-kembali-jadi-menpora
Media Asing Soroti Pelantikan Prabowo-Gibran Jadi ...,20 Okt 2024 — Sejumlah media asing menyoroti Prabowo Subianto dan Gibran Rakabuming Raka menjelang pelantikan keduanya sebagai presiden dan wakil presiden ...,20 Okt 2024,https://www.cnnindonesia.com/internasional/20241020095519-106-1157347/media-asing-soroti-pelantikan-prabowo-gibran-jadi-presiden-wapres-ri
Harapan Kota Bandung dari Kepemimpinan Presiden ...,"20 Okt 2024 — HumasDPRD - Ketua DPRD Kota Bandung Asep Mulyadi, menyampaikan penghormatannya atas pelantikan Presiden Republik Indonesia Prabowo Subianto ...",20 Okt 2024,https://dprd.bandung.go.id/warta/harapan-kota-bandung-dari-kepemimpinan-presiden-prabowo-subianto-dan-wapres-gibran-rakabuming
"Pidato Perdana, Presiden Prabowo Subianto ... - Kota Banjar","20 Okt 2024 — Presiden Prabowo Subianto menyampaikan pidato pertamanya usai Pengucapan Sumpah sebagai Presiden Republik Indonesia masa jabatan 2024-2029, ...",20 Okt 2024,https://banjarkota.go.id/umum/pidato-perdana-presiden-prabowo-subianto-serukan-kepemimpinan-yang-berani-dan-berpihak-pada-rakyat/
Ini Foto Resmi Kenegaraan Prabowo Subianto-Gibran ...,20 Okt 2024 — Prabowo Subianto dan Gibran Rakabuming Raka akan dilantik jadi Presiden dan Wakil Presiden RI oleh MPR. Pelantikan digelar di Gedung DPR/MPR ...,20 Okt 2024,https://kumparan.com/kumparannews/ini-foto-resmi-kenegaraan-prabowo-subianto-gibran-rakabuming-23kbex3JqgW
Resmi! Prabowo Subianto-Gibran Rakabuming Jadi Presiden ...,20 Okt 2024 — Keduanya resmi mengucap sumpah jabatan dan menandatangani berita acara pelantikan sebagai Presiden dan Wakil Presiden RI 2014-2019 dalam Sidang ...,20 Okt 2024,https://news.harianjogja.com/read/2024/10/20/500/1192157/resmi-prabowo-subianto-gibran-rakabuming-jadi-presiden-dan-wapres-ri-periode-2024-2029
100 Hari Kabinet Merah Putih di bawah kepemimpinan ...,"29 Jan 2025 — ... Presiden Prabowo Subianto @prabowo @presidenrepublikindonesia, mewujudkan Asta Cita menuju Indonesia Emas! Kerja keras, kolaborasi dan ...",29 Jan 2025,https://www.instagram.com/airlanggahartarto_official/reel/DFZ-gNty5PD/100-hari-kabinet-merah-putih-di-bawah-kepemimpinan-bapak-presiden-prabowo-subian/?hl=id
"Dibuka Presiden Prabowo Subianto, Roy Rizali Anwar Ikuti ...","8 Nov 2024 — Jawa Barat—Plh. Gubernur Kalimantan Selatan, Roy Rizali Anwar menghadiri acara Rapat Koordinasi Nasional Penyelenggaraan Pemerintahan Daerah ...",8 Nov 2024,https://wasaka.kalselprov.go.id/dibuka-presiden-prabowo-subianto-roy-rizali-anwar-ikuti-rakornas-penyelenggaraan-pemerintahan-daerah/
Indonesia Harus Swasembada Pangan Dalam Waktu Singkat,"20 Okt 2024 — Direktorat Jenderal Peternakan dan Kesehatan Hewan, Kementerian Pertanian.",20 Okt 2024,https://ditjenpkh.pertanian.go.id/berita/2049-pidato-perdana-presiden-prabowo-subianto-indonesia-harus-swasembada-pangan-dalam-waktu-singkat
Universitas Terbuka Apresiasi Kepemimpinan Presiden ...,"20 Okt 2024 — Memasuki babak baru hari ini, Universitas Terbuka juga mengucapkan selamat atas pelantikan Bapak Jenderal TNI (Purn.) Prabowo Subianto dan Bapak ...",20 Okt 2024,https://www.ut.ac.id/berita/2024/10/universitas-terbuka-apresiasi-kepemimpinan-presiden-joko-widodo-dan-sambut-presiden-prabowo-subianto/
Lengkap! Ini Pidato Perdana Presiden Prabowo Subianto,20 Okt 2024 — Prabowo Subianto menyampaikan pidato perdana sebagai Presiden RI 2024-2029 di hadapan anggota Majelis Permusyawaratan Rakyat (MPR).,20 Okt 2024,https://kabar24.bisnis.com/read/20241020/15/1809048/lengkap-ini-pidato-perdana-presiden-prabowo-subianto
Daftar Lengkap Kabinet Merah Putih Prabowo-Gibran,"21 Okt 2024 — Presiden Republik Indonesia Prabowo Subianto secara resmi mengumumkan nama-nama menteri, wakil menteri, dan kepala badan dalam kabinetnya.",21 Okt 2024,https://umj.ac.id/just_info/daftar-lengkap-kabinet-merah-putih-prabowo-gibran/
Prabowo Subianto dan Gibran Rakabuming Raka Resmi ...,20 Okt 2024 — Keduanya dilantik dalam Sidang Paripurna Majelis Permusyawaratan Rakyat (MPR) dalam rangka Pelantikan Presiden dan Wakil Presiden Masa Jabatan ...,20 Okt 2024,https://banjarkota.go.id/umum/prabowo-subianto-dan-gibran-rakabuming-raka-resmi-dilantik-sebagai-presiden-dan-wakil-presiden-ri/
"Prabowo Makan Siang Bareng Ketum Parpol di Istana, Ini ...","1 Nov 2024 — Presiden Prabowo Subianto menggelar makan siang bersama dengan pengurus partai politik, di Istana Merdeka, Jumat (1/11/2024).",1 Nov 2024,https://www.cnbcindonesia.com/news/20241101175001-4-584965/prabowo-makan-siang-bareng-ketum-parpol-di-istana-ini-yang-dibahas
Presiden Prabowo Subianto Resmi Melantik Sri Mulyani ...,21 Okt 2024 — Presiden Prabowo Subianto resmi melantik Sri Mulyani Indrawati sebagai Menteri Keuangan dalam Kabinet Merah Putih pada Senin (21/10).,21 Okt 2024,https://www.kemenkeu.go.id/informasi-publik/publikasi/berita-utama/Sri-Mulyani-Dilantik-sebagai-Menteri-Keuangan
Biodata dan Perjalanan Karir Prabowo Subianto hingga ...,"23 Okt 2024 — Jokowi kemudian menunjuk Prabowo sebagai Menteri Pertahanan dalam kabinetnya, sebuah keputusan yang mengejutkan banyak pihak.",23 Okt 2024,https://radarmalioboro.jawapos.com/lesehan/2225227367/biodata-dan-perjalanan-karir-prabowo-subianto-hingga-terpilih-menjadi-presiden-indonesia
Usai Prabowo Subianto Resmi Dilantik Jadi Presiden ...,22 Okt 2024 — Netizen sebut sosok Ibu Negara RI ke 8 masih vacant atau kosong setelah Prabowo Subianto resmi dilantik menjadi Presiden Indonesia.,22 Okt 2024,https://radarsemarang.jawapos.com/berita/725224841/usai-prabowo-subianto-resmi-dilantik-jadi-presiden-indonesia-netizen-sebut-sosok-ibu-negara-ri-ke-8-begini
Jejak Panjang Prabowo Subianto Jadi Presiden ke-8,25 Apr 2024 — Prabowo Subianto resmi ditetapkan sebagai presiden terpilih lewat Pilpres 2024 dan akan resmi mengganti Jokowi Oktober 2024 mendatang.,25 Apr 2024,https://www.cnnindonesia.com/nasional/20240425062739-32-1090210/jejak-panjang-prabowo-subianto-jadi-presiden-ke-8
Prabowo-Gibran Dilantik Menjadi Presiden dan Wakil ...,23 Okt 2024 — Prabowo Subianto dan Gibran Rakabuming Raka dilantik menjadi Presiden dan Wakil Presiden Republik Indonesia periode 2024-2029.,23 Okt 2024,https://tirtabhagasasi.co.id/prabowo-gibran-dilantik-menjadi-presiden-dan-wakil-presiden-2024-2029/
Momen Erdogan Kode Pria Asing agar Tak Belakangi Prabowo,1 hari yang lalu — TRIBUN-VIDEO.COM - Presiden Prabowo Subianto ikut mengantarkan Presiden Turki Reccep Tayyip Erdogan ke hotel tempat bermalam selama di ...,,https://video.tribunnews.com/view/801367/momen-erdogan-kode-pria-asing-agar-tak-belakangi-prabowo-presiden-ri-senyum-teddy-melotot
